The Best NBA Player's,,,,,,
Player Name,Position,Offense,Defense,Total,War Total,Pace Impact
Nikola Jokic,4449,8.792336571,1.230473972,10.02281054,14.31952131,0.757118333
Rudy Gobert,3988,-0.136339788,7.821070694,7.684730906,10.06923457,0.019341006
Stephen Curry,4039,8.576912053,-1.603190877,6.973721177,9.363464356,2.712414631
Kawhi Leonard,3221,6.652329067,1.681413265,8.333742332,8.867064713,-0.828248607
Giannis Antetokounmpo,3790,4.418557215,2.450412129,6.868969344,8.718744101,1.532906881
Clint Capela,3459,1.13159893,5.69787499,6.82947392,8.106144487,-0.870842198
Paul George,3282,4.840813068,2.172050615,7.012863684,8.074040206,0.81362243
Luka Doncic,4058,6.850696697,-1.706942359,5.143754338,8.001087271,1.164739229
Jimmy Butler,3184,4.235954246,3.023569767,7.259524014,7.971271756,-0.200350061
Joel Embiid,2879,4.204483542,4.167529686,8.372013228,7.814107227,0.966929687
Mike Conley,3085,3.647923098,3.963067042,7.61099014,7.72793933,0.201606356
Julius Randle,4710,1.624181777,1.801317972,3.425499749,7.338678767,0.181970124
Fred VanVleet,3666,2.585749998,2.322533292,4.90828329,6.857383223,-1.022426684
Jayson Tatum,4144,3.806901177,-0.221168167,3.58573301,6.435120547,-0.415902159
LeBron James,2892,5.692589515,0.417723396,6.110312912,6.273719294,-0.012523959
James Harden,3240,6.486215847,-1.703160176,4.78305567,5.985651457,-0.054372247
Jrue Holiday,3375,2.922945448,1.670670685,4.593616133,5.891713504,0.289763973
Bradley Beal,4131,5.678712063,-2.446859807,3.231852256,5.838585053,1.286117118
Damian Lillard,4271,6.642431652,-4.016593854,2.625837797,5.675487869,1.39774694
Thaddeus Young,2922,3.897810939,1.172485235,5.070296174,5.580359447,-0.099762903
Chris Paul,4006,3.763345935,-0.880347903,2.882998032,5.56086332,-0.160589145
Mikal Bridges,4162,1.47799545,0.955765536,2.433760986,5.354715201,-0.315307042
Joe Harris,4058,2.540254725,0.139205882,2.679460607,5.320102499,0.239021687
Jamal Murray,3458,2.916485133,0.48976184,3.406246973,5.303362773,-0.919446702
Nicolas Batum,3459,0.230612545,3.168456571,3.399069116,5.273399114,-0.305527868
Joe Ingles,3284,3.359889301,0.382703089,3.74259239,5.180453096,0.12280134
Zion Williamson,4018,3.73494138,-1.153759101,2.581182279,5.174970694,1.430144904
Jakob Poeltl,3287,-0.898720133,4.56720923,3.668489097,5.152198045,-0.489735248
Harrison Barnes,4430,1.542802647,0.485772418,2.028575065,5.100158518,-0.48402781
CJ McCollum,2613,4.040415501,1.220015109,5.26043061,5.099584486,-0.179132897
Donovan Mitchell,3689,4.674835636,-1.847214569,2.827621067,5.057090918,0.347483519
Draymond Green,3631,0.724352746,2.35088312,3.075235865,5.052059586,1.928008303
Robert Covington,4000,-0.161379976,2.501833435,2.340453459,4.990719709,-0.386401426
Devin Booker,4016,3.383683302,-1.185900673,2.197782629,4.976932957,0.491922058
Zach LaVine,3948,4.0308042,-1.658792448,2.372011753,4.941599469,1.296162603
Trae Young,3861,5.623481468,-3.3161958,2.307285668,4.86281214,1.945580064
Brandon Ingram,4064,3.837502223,-1.800808715,2.036693508,4.752264999,-0.776182484
Kyrie Irving,3416,5.786698412,-2.868080658,2.918617755,4.714111836,0.621726967
Jordan Clarkson,3181,3.849999794,-0.511355351,3.338644443,4.704318365,0.359996183
Montrezl Harrell,3032,1.30616404,2.116721207,3.422885247,4.570084251,-0.340058115
Tobias Harris,3657,2.061992766,0.372824406,2.434817172,4.56932881,-0.618849287
Jaylen Brown,4003,2.281647239,-0.521216842,1.760430397,4.472941489,1.247065076
John Collins,3350,1.630077469,0.923506007,2.553583476,4.365164069,-0.111903963
Derrick White,2201,1.480214097,3.808759068,5.288973164,4.363799619,-0.004150521
Ben Simmons,3476,-0.104871423,2.495856169,2.390984746,4.3320392,1.024828081
Bam Adebayo,3819,0.063147324,1.71268654,1.775833864,4.327175179,-0.162271576
DeMar DeRozan,3701,3.871897645,-1.873625234,1.998272411,4.277889709,-0.463722519
Nikola Vucevic,4373,0.889543669,0.250056265,1.139599934,4.204614807,0.174808551
Terry Rozier,4187,2.826733572,-1.539486302,1.28724727,4.138887569,-0.18247571
Danny Green,3585,0.581641343,1.441235634,2.022876977,4.134999614,0.242287109
Jae Crowder,3138,-0.545681601,3.129893766,2.584212166,4.115349247,0.277989948
Jae'Sean Tate,3869,0.314789414,1.35556185,1.670351264,4.088902685,0.114184779
Kemba Walker,2537,3.147746217,0.596458217,3.744204434,4.058779675,-0.16613182
Royce O'Neale,4032,-0.043737584,1.390622469,1.346884885,4.033532988,-0.690453088
Devonte' Graham,3120,1.807848891,0.710204544,2.518053435,4.015621457,-0.867938884
Khris Middleton,4231,2.099622965,-0.886547157,1.213075808,4.011445092,0.920808939
Kyle Anderson,3427,0.360391436,1.709316327,2.069707763,3.951399488,0.37213543
Jonas Valanciunas,3152,1.738135218,0.740933504,2.479068723,3.947500234,0.043973215
Kevin Durant,1821,5.775531226,0.288712114,6.064243341,3.867985414,1.805923238
OG Anunoby,2831,0.232687414,2.544542832,2.777230246,3.839013099,0.249378263
De'Aaron Fox,4321,3.245283923,-2.346871008,0.898412915,3.82036942,0.812677
Michael Porter Jr.,3338,2.664864122,-0.885648041,1.779216081,3.753564093,-0.349654439
Matisse Thybulle,2506,-1.76873721,5.068503137,3.299765927,3.632169684,-0.191928236
Deandre Ayton,3899,-0.253263365,1.254886547,1.001623182,3.617312466,-0.750252313
Dorian Finney-Smith,3299,0.456600179,1.193455002,1.650055181,3.599284647,-0.60625869
Karl-Anthony Towns,2970,3.334100924,-1.116069852,2.218031072,3.592194763,0.877268523
Myles Turner,3053,-2.294800319,4.227352161,1.932551842,3.47352634,-0.073277349
Chris Boucher,2954,2.225437237,-0.19990149,2.025535747,3.440120851,-0.219431049
Pascal Siakam,3698,1.350374936,-0.331399604,1.018975332,3.412244138,-0.42467818
Richaun Holmes,3288,0.290605931,1.24047025,1.531076181,3.410982639,-0.472218834
Dejounte Murray,3851,0.878295875,-0.041672847,0.836623028,3.367079787,-0.543354491
Donte DiVincenzo,3417,0.681240351,0.732130339,1.41337069,3.359953645,1.017349937
Marcus Smart,2888,1.204757058,0.779237877,1.983994935,3.339352086,0.631078976
Luguentz Dort,2945,-1.260048802,3.172859318,1.912810516,3.334357425,0.043184798
Jarrett Allen,3213,-0.355692382,1.836198284,1.480505902,3.315265757,-0.161324202
T.J. McConnell,3197,1.066154515,0.529966706,1.596121221,3.307059071,0.436241029
Christian Wood,2599,-0.072364682,2.512880652,2.44051597,3.257386448,0.580724865
Anthony Davis,1783,2.014239936,2.625467703,4.639707639,3.256899708,0.216209485
Bobby Portis,2610,1.176571489,1.414256797,2.590828286,3.255396676,-0.362870503
Malcolm Brogdon,4036,2.046029299,-1.440459181,0.605570117,3.244629519,-1.198946854
Lonzo Ball,3134,2.163591154,-0.725232284,1.43835887,3.227723219,0.299513775
Jalen Brunson,2960,1.644541915,0.035871253,1.680413168,3.227208426,-0.791272487
Miles Bridges,3766,0.003176038,0.698702387,0.701878425,3.168572091,0.459314422
Jerami Grant,3728,0.875362913,-0.233662801,0.641700111,3.134830403,0.367586673
Rudy Gay,2422,-0.809445457,3.40567767,2.596232212,3.132860166,-0.038867885
Derrick Rose,2149,0.99391092,2.118949352,3.112860272,3.128743077,-0.954087378
Pat Connaughton,2889,-0.132743141,1.998642608,1.865899467,3.123183554,-0.441374701
Delon Wright,2912,0.803995048,0.7859144,1.589909448,3.113485631,-1.416757059
De'Anthony Melton,1813,1.74251567,2.417971327,4.160486997,2.989836539,0.478885394
Dennis Schroder,3870,0.148847978,0.220553702,0.369401679,2.979087074,0.370772896
Shai Gilgeous-Alexander,2461,3.477553571,-1.319437305,2.158116266,2.934620864,-0.691353096
Brook Lopez,3502,-0.665068678,1.390348964,0.725280286,2.890611878,0.016706744
Kyle Lowry,3228,1.675705314,-0.791913747,0.883791567,2.87371726,1.522915257
Cameron Payne,1825,2.540340933,1.027010379,3.567351312,2.825697857,-0.833586003
Alex Caruso,2178,-1.109839363,3.634369426,2.524530063,2.807456519,0.218229618
Raul Neto,2605,-0.83314557,2.712328257,1.879182687,2.794209013,-0.078418995
Isaiah Stewart,2551,-1.192697098,2.898389399,1.705692301,2.775990419,-0.318736117
Enes Kanter,3248,3.02005421,-2.324510841,0.695543369,2.7431462,-1.058929409
Justin Holiday,4009,-0.876916902,0.933659443,0.05674254,2.701523574,0.675262022
Tim Hardaway Jr.,3475,0.424283095,-0.038523294,0.385759801,2.688319469,-0.576761827
Norman Powell,3978,1.267127727,-1.25050145,0.016626277,2.684012328,0.971651811
Facundo Campazzo,2355,-0.612122495,2.442344224,1.830221729,2.672521196,0.057640551
Alec Burks,2306,1.592425275,0.267413084,1.859838359,2.654033048,-0.49442877
Kenrich Williams,2843,0.826402695,0.353605411,1.180008106,2.652106512,-0.100089419
Josh Hart,2844,-0.40613108,1.485230475,1.079099395,2.631255524,-0.159292881
Duncan Robinson,4095,0.368677837,-0.586867545,-0.218189709,2.589028258,-0.585144682
Taj Gibson,1482,-0.959783428,5.096185674,4.136402246,2.541081049,-0.659129699
Davis Bertans,2610,2.215707943,-0.786269105,1.429438838,2.519320669,0.469968857
Garrett Temple,2662,-0.986580081,2.182741988,1.196161907,2.513360983,0.272292053
Kelly Olynyk,3587,-0.004563655,0.149253453,0.144689798,2.510787354,0.900401328
Bogdan Bogdanovic,2215,1.860497479,-0.03590176,1.824595719,2.491298596,-0.431810516
Immanuel Quickley,2295,2.815571754,-1.26110758,1.554464174,2.455150439,-1.165367692
Gordon Hayward,3143,0.941273975,-0.49264244,0.448631536,2.454244818,0.531603695
Furkan Korkmaz,2039,1.232668115,0.96364534,2.196313455,2.444295923,0.373519495
Cameron Johnson,2760,-0.842094476,1.65245434,0.810359863,2.423651753,-0.50830965
Caris LeVert,2463,0.18675593,1.236136323,1.422892253,2.414036974,0.762889986
Derrick Jones Jr.,2613,-1.496643458,2.472423773,0.975780315,2.387400683,-0.564437751
Blake Griffin,1966,0.526567833,1.594823003,2.121390836,2.374488115,-0.388487304
LaMelo Ball,2526,2.195120971,-1.082112705,1.113008266,2.361811817,2.092174728
Ivica Zubac,2979,-0.938361416,1.401129473,0.462768057,2.357470345,0.085935051
RJ Barrett,4439,-0.006231829,-0.66516325,-0.671395079,2.324833042,0.332370319
Steven Adams,3259,-0.474872847,0.586028995,0.111156148,2.278793679,-1.272081625
Damion Lee,2320,0.283640485,1.126479247,1.410119732,2.278080147,-0.532773266
Kevin Huerter,4015,0.314911441,-0.770342972,-0.455431532,2.268485482,-0.169730277
Khem Birch,2487,-1.716054939,2.661919564,0.945864625,2.245459231,-0.81912961
De'Andre Hunter,1327,-0.341888494,4.600693155,4.258804661,2.236555257,0.073274646
Grayson Allen,2616,0.260162546,0.533886982,0.794049527,2.223453478,0.21943238
Nerlens Noel,2704,-2.147491664,2.653813308,0.506321644,2.211065834,-0.762769207
Monte Morris,2374,0.483128531,0.568387543,1.051516074,2.210869495,-0.97348881
Daniel Theis,2971,-1.262899291,1.535989902,0.273090611,2.197870069,-0.339208029
Jeremy Lamb,1630,2.884618746,-0.004966587,2.879652159,2.193637637,-0.166843245
Paul Millsap,2079,-0.102860716,1.49877889,1.395918174,2.178521937,-0.008474146
Andrew Wiggins,4408,-1.386233403,0.715986873,-0.670246531,2.168894023,-0.097462704
Andre Drummond,2039,-1.800755898,3.233280552,1.432524654,2.153285252,0.94694817
Domantas Sabonis,3993,-0.434393123,-0.088393377,-0.522786499,2.149972681,0.002208741
Al Horford,1634,-1.063862865,3.703376851,2.639513987,2.138549955,-0.550959247
Dillon Brooks,3570,-0.722243479,0.426938267,-0.295305212,2.116658406,1.337260252
Buddy Hield,4412,1.754269847,-2.531738295,-0.777468448,2.112422925,0.532618592
Josh Jackson,2937,-1.069258791,1.23352329,0.164264499,2.110852639,1.272224629
Aaron Gordon,2448,-0.139539668,0.81358373,0.674044062,2.067001312,0.187791164
Marcus Morris Sr.,2736,1.594097287,-1.302655637,0.291441651,2.050274044,-0.284014332
Kent Bazemore,2233,-1.492001529,2.547794887,1.055793357,2.012050277,0.412966693
David Nwaba,1456,-0.452730367,3.459074806,3.006344439,1.99732369,0.16080927
Kristaps Porzingis,2514,1.554796458,-1.108823548,0.445972911,1.99321064,-0.132780705
Georges Niang,1960,0.315113374,1.15277482,1.467888194,1.991713808,0.276848015
Bruce Brown,2672,0.383083571,-0.094134198,0.288949373,1.965334727,-0.509213266
Garrison Mathews,2096,-0.087267114,1.387212737,1.299945624,1.961908515,0.372024031
Talen Horton-Tucker,2356,-1.70441158,2.351447063,0.647035483,1.948722692,0.303457008
Reggie Jackson,2838,1.692246878,-1.660710758,0.03153612,1.937793988,-0.407010358
Maxi Kleber,2556,-1.466700189,1.783218553,0.316518364,1.91240899,-0.136238686
Jusuf Nurkic,1333,-1.705402265,4.81455675,3.109154485,1.883777543,1.324793956
Ja Morant,3642,2.099199314,-2.754234501,-0.655035187,1.834010332,0.942189638
Danilo Gallinari,2094,1.407256379,-0.623209358,0.784047021,1.824576212,-1.092378262
Larry Nance Jr.,2224,-2.615173985,3.111657129,0.496483144,1.802300572,-0.267149716
Serge Ibaka,1867,-0.993573709,2.107316412,1.113742703,1.800116584,-0.640157104
Chuma Okeke,2380,-1.441215467,1.780575624,0.339360158,1.782478207,-0.189139132
Victor Oladipo,2276,-1.28623617,1.713042606,0.426806436,1.770134972,0.9935823
Tomas Satoransky,2403,0.519231453,-0.31206604,0.207165413,1.743267637,-0.396591304
PJ Dozier,2083,-1.630904225,2.130015343,0.499111118,1.659570538,-0.388575222
Nicolas Claxton,962,-1.725690972,5.801952252,4.076261279,1.602546717,-0.406924539
Kendrick Nunn,2836,0.262590338,-0.841136972,-0.578546634,1.549363477,-0.10815849
Josh Okogie,2250,-1.853353282,1.956625269,0.103271987,1.536385319,0.13392037
Patty Mills,3114,0.241000273,-0.963739083,-0.72273881,1.522543932,0.140069794
Xavier Tillman,1981,-0.601988187,1.009182021,0.407193834,1.504989125,-0.610749261
James Ennis III,2015,-0.014711449,0.295776688,0.281065239,1.497290904,-0.186033231
Kentavious Caldwell-Pope,3264,-0.558878703,-0.36084688,-0.919725584,1.469603724,-0.078277379
Kevon Looney,1911,-0.619821938,1.041378206,0.421556268,1.432101746,-1.23493359
Trey Burke,1590,0.260289185,0.698575894,0.958865079,1.431867336,-0.438780574
Tyus Jones,2267,0.05501939,-0.177464135,-0.122444745,1.421287242,-1.389043375
Shake Milton,2709,0.078976214,-0.677273184,-0.59829697,1.398565963,-0.16033388
Cody Zeller,1710,0.172541194,0.424853881,0.597395076,1.391725843,0.112037885
Daniel Gafford,1338,0.251540936,1.399868559,1.651409495,1.363238264,0.439918832
Marc Gasol,1831,-2.41255669,2.644922393,0.232365703,1.346699594,0.810736233
Evan Fournier,2142,0.80176322,-0.997055966,-0.195292746,1.342053742,0.928291783
Robert Williams III,1881,0.693297164,-0.574198332,0.119098833,1.324860615,0.008284211
DeMarcus Cousins,1327,-2.000218195,3.364164046,1.363945852,1.315870515,1.478724384
Dwight Powell,1463,-1.597779705,2.492283435,0.894503731,1.303440423,-0.001321329
Brandon Clarke,2692,-1.52866531,0.806897545,-0.721767765,1.301752591,-0.48145009
Patrick Beverley,1481,0.028216744,0.584421239,0.612637984,1.237890827,-0.619676718
Reggie Bullock,3299,-0.489386531,-0.764257168,-1.2536437,1.236286333,-0.226300752
Tyrese Haliburton,3595,1.35329482,-2.670261445,-1.316966625,1.230499153,-0.059827136
Isaiah Hartenstein,1110,-2.168992505,3.888668869,1.719676364,1.225706141,0.295358135
Mike Muscala,1383,-0.048403522,1.015206175,0.966802654,1.224568857,0.119407978
Willie Cauley-Stein,1499,-1.505736609,2.015298384,0.509561774,1.20525282,-0.452799352
Tyler Herro,3017,-0.467139309,-0.680317287,-1.147456595,1.201738807,-0.150466857
Wesley Matthews,2009,-1.89310221,1.582413574,-0.310688636,1.200217437,-0.063902268
Terance Mann,2486,-0.713055224,-0.049873869,-0.762929093,1.198641013,-0.819507163
Mitchell Robinson,1713,-2.194908418,2.191476467,-0.003431951,1.179102263,-1.368290373
Juan Toscano-Anderson,1742,-1.390388125,1.406904379,0.016516253,1.133078489,-0.03002651
Robin Lopez,2558,-1.24551656,0.376641523,-0.868875037,1.125481333,-1.133306979
Dennis Smith Jr.,857,-1.825982405,4.321624842,2.495642437,1.110300025,-1.08352558
Derrick Favors,1889,-0.889073788,0.566714748,-0.322359041,1.106172024,0.123913976
Andre Iguodala,2413,-2.440414086,1.526305436,-0.914108651,1.102836839,-0.477784694
Willy Hernangomez,1312,0.478264901,0.252883498,0.7311484,1.091789511,-0.210037545
Payton Pritchard,2295,0.505706033,-1.305347085,-0.799641052,1.091783214,-1.164797904
Jarred Vanderbilt,2045,-2.426996249,1.923917646,-0.503078603,1.088012129,0.543702458
John Konchar,1007,0.130320957,1.571492024,1.701812981,1.081234234,0.00824275
Hamidou Diallo,2247,-1.205159797,0.482042384,-0.723117413,1.080772289,0.15075034
Naz Reid,2535,-1.722754771,0.75997938,-0.962775392,1.071252806,0.502699346
Nickeil Alexander-Walker,1784,-1.672319321,1.349633723,-0.322685597,1.059006341,0.489771763
Wayne Ellington,1989,1.612358428,-2.211018237,-0.598659809,1.055322406,-0.055630562
Darius Garland,3610,0.339762078,-1.944856285,-1.605094207,1.026829241,-0.007168796
Tony Bradley,1239,0.74193589,-0.09994529,0.6419906,1.003413937,-0.822374839
Malik Monk,1484,1.161938545,-1.097533605,0.06440494,1.002447916,0.600234362
Taurean Prince,1918,-0.45817835,-0.230028454,-0.688206805,0.964537301,0.587195082
George Hill,989,1.193052948,-0.080413177,1.112639771,0.94546607,-0.796621477
Michael Carter-Williams,1689,-4.277489389,3.76389031,-0.513599079,0.916589624,0.41795072
Malik Beasley,2582,1.146344623,-2.477783218,-1.331438595,0.878274309,-0.041146901
Darius Miller,430,2.421548933,3.56175823,5.983307163,0.877049968,-0.083873412
Trevor Ariza,1225,-1.702728479,1.82363216,0.120903681,0.876425105,-0.277435184
Dario Saric,1509,-1.174121088,0.79990876,-0.374212328,0.873550424,0.235214606
JaMychal Green,1839,-0.095051625,-0.784355897,-0.879407522,0.854206671,-0.220318572
Cody Martin,1711,-1.958651558,1.261589098,-0.69706246,0.852728317,-0.477298866
Landry Shamet,2393,-0.447468085,-0.874009593,-1.321477678,0.824434606,-0.251664163
Jeff Green,3333,-0.648111133,-1.08181534,-1.729926473,0.81807734,-0.19921649
Cory Joseph,2864,-1.187860744,-0.425871609,-1.613732354,0.800052387,-0.396881307
Goran Dragic,2289,-0.699413043,-0.65958867,-1.359001714,0.792957534,0.302011319
Nicolo Melli,897,-1.671665546,2.2627627,0.591097154,0.752704268,-1.249847031
Desmond Bane,2663,0.060555757,-1.628483507,-1.56792775,0.751550631,-0.550934319
Dean Wade,1872,-1.513767278,0.391764308,-1.122002971,0.743680166,-0.521594675
Will Barton,3527,-0.117336593,-1.80123336,-1.918569953,0.733234242,-0.434350345
Seth Curry,2957,0.373556837,-2.10919351,-1.735636674,0.721643756,-0.903439497
Frank Kaminsky,1096,-0.584609061,0.49191583,-0.092693231,0.717825974,-0.480953628
Semi Ojeleye,1824,-1.502126667,0.349602706,-1.152523961,0.714152268,-0.887551918
Wendell Carter Jr.,2583,-2.549878143,0.888214953,-1.66166319,0.699251107,0.072939256
Drew Eubanks,1269,-2.716360882,2.243518056,-0.472842826,0.692412164,-0.003493282
Langston Galloway,810,0.699211392,0.081236397,0.780447789,0.684541859,-0.254187665
Caleb Martin,1428,-2.891359368,2.068581943,-0.822777425,0.672630015,-0.136236803
Malachi Flynn,1336,-0.800300741,0.109289078,-0.691011663,0.659709762,-0.480069738
P.J. Washington,3430,-2.121488802,0.152963856,-1.968524946,0.656842892,0.27187379
Torrey Craig,1217,-0.822651236,0.205372567,-0.61727867,0.656185009,-0.70086725
Devin Vassell,1741,-1.289351814,0.107247119,-1.182104695,0.65031682,-0.129338282
D.J. Augustin,2075,0.768701559,-2.227310995,-1.458609436,0.634202882,-0.893808563
Chris Chiozza,490,2.442841648,-0.025099681,2.417741967,0.611249335,-0.072212626
Ish Smith,1502,-0.292222434,-0.710565222,-1.002787656,0.610135074,-0.666902777
Moritz Wagner,981,-3.032909516,2.979947756,-0.052961759,0.595509495,1.325109962
Deni Avdija,2783,-2.302513956,0.465714585,-1.836799371,0.585925595,0.046611719
Jevon Carter,1148,0.158455307,-0.829275478,-0.670820171,0.583035702,-0.616823176
Jordan McLaughlin,1753,-1.726917107,0.374166422,-1.352750686,0.577488937,-0.854491709
Ryan Arcidiacono,815,-0.80260366,0.937232294,0.134628633,0.57540327,-1.03000295
Lauri Markkanen,2359,-0.256468755,-1.509984559,-1.766453314,0.563501188,0.26558547
Alfonzo McKinnie,487,1.258486854,0.943157286,2.20164414,0.562480128,0.294236057
Bojan Bogdanovic,3950,-0.99190393,-1.178953118,-2.170857048,0.560275144,0.221935206
Denzel Valentine,1971,-1.411609882,-0.189522187,-1.601132069,0.552348937,-0.285158852
Yuta Watanabe,1246,-1.493179347,0.51821161,-0.974967738,0.529928175,-0.317351885
Tony Snell,1718,-0.129304209,-1.374592458,-1.503896667,0.526647956,-1.278320731
Alize Johnson,265,3.763397976,1.512056366,5.275454343,0.521360786,0.261666452
Josh Richardson,3112,-0.99025661,-1.092608545,-2.082865155,0.515153532,-0.69529062
Abdel Nader,761,-2.648829933,2.739519343,0.090689409,0.514649469,0.027650284
Frank Jackson,1160,-0.417910901,-0.525947219,-0.94385812,0.510688182,0.035729506
Tyler Johnson,1181,-0.602227846,-0.416817043,-1.01904489,0.495668791,-0.667770426
Dwight Howard,2197,-2.910662669,1.092352423,-1.818310246,0.494316285,0.185097418
Doug McDermott,2834,0.61824728,-2.639386361,-2.021139081,0.493544284,0.474752735
Thanasis Antetokounmpo,1098,-2.582791855,1.773885752,-0.808906103,0.491808476,0.326749041
Kira Lewis Jr.,1547,-0.564410463,-0.861827059,-1.426237522,0.489019511,0.008621742
Tacko Fall,217,1.346004634,5.512860313,6.858864947,0.48739704,-0.586138972
Goga Bitadze,927,0.306634524,-0.83636695,-0.529732427,0.475644225,0.214585464
Patrick Patterson,1049,-0.937334085,0.045205191,-0.892128894,0.475190394,-0.337867322
Elfrid Payton,2734,-0.729231574,-1.33610065,-2.065332223,0.467227135,-0.931261058
Saddiq Bey,3217,-0.888300595,-1.271312069,-2.159612665,0.466221403,-0.143273175
Lou Williams,2709,1.027186508,-3.069045178,-2.041858671,0.464143419,0.892353701
Mike Scott,1548,-2.194158173,0.677467265,-1.516690908,0.457938817,-0.308083795
Jeff Teague,1719,-0.81980478,-0.875383785,-1.695188565,0.452867493,-0.413034724
Isaiah Joe,665,-0.721871307,0.711279715,-0.010591592,0.433551336,0.392280858
JaVale McGee,1186,-2.508323296,1.2173953,-1.290927996,0.42899126,0.844208805
Gorgui Dieng,925,0.286879615,-1.122899528,-0.836019913,0.426597849,-0.041905346
JJ Redick,1443,0.508836925,-2.06449848,-1.555661556,0.411861241,0.290640472
Rodney McGruder,393,3.040808472,-1.667145056,1.373663417,0.402637857,-1.364258533
Mason Plumlee,3025,-0.85501508,-1.361731893,-2.216746974,0.400010777,-0.255198698
Luke Kornet,530,-2.736606076,3.129644771,0.393038695,0.396848647,-0.565863833
Yogi Ferrell,142,3.485467382,4.731530268,8.21699765,0.384739445,-1.49219245
Juancho Hernangomez,1595,0.32127103,-2.069859064,-1.748588034,0.381159239,-0.131763334
Jordan Nwora,499,0.210411086,0.200589308,0.411000394,0.372227661,1.691301159
Skylar Mays,469,1.088321257,-0.730067217,0.35825404,0.361369096,-0.496406817
Ersan Ilyasova,231,1.18055776,2.255584343,3.436142103,0.355404835,0.546402158
Terrence Ross,2813,-0.834611197,-1.399515484,-2.234126681,0.354447811,-0.022961165
D'Angelo Russell,1990,1.664444517,-3.69529066,-2.030846142,0.341269432,1.109239133
Keldon Johnson,3478,-0.55270079,-1.798046501,-2.350747291,0.338195287,-0.346993077
Ty Jerome,1508,1.546207508,-3.35169635,-1.805488842,0.337647929,-0.476676052
Mamadi Diakite,228,-0.585085843,4.146459573,3.56137373,0.329745089,0.39904668
Al-Farouq Aminu,803,-3.431370246,2.316325759,-1.115044488,0.328277353,0.18040493
Devontae Cacok,198,1.358860086,2.893998344,4.252858429,0.323788546,0.700302671
Dewayne Dedmon,212,5.082589247,-2.099543129,2.983046118,0.311654074,-0.425952425
Luka Samanic,522,-3.649033215,3.298948273,-0.350084942,0.306412455,0.505705332
Rayjon Tucker,112,2.738910025,6.568337323,9.307247348,0.306257304,1.616657546
Eric Bledsoe,3817,-0.806166089,-1.622359125,-2.428525214,0.298629857,0.374497528
Cristiano Felicio,124,-2.647998703,9.560635613,6.912636909,0.29135168,0.16964241
Oshae Brissett,446,0.517833667,-0.430319024,0.087514643,0.290935208,0.486317306
Jaxson Hayes,1603,-2.419502489,0.414350119,-2.00515237,0.282216325,0.22240925
DaQuan Jeffries,672,-1.55218918,0.556625978,-0.995563202,0.279642715,-0.032621316
Naji Marshall,922,-1.284800472,-0.302701338,-1.58750181,0.254052396,0.554811877
Thomas Bryant,606,-0.335839423,-0.62981343,-0.965652853,0.24758171,0.356046635
Collin Sexton,3689,0.352473964,-2.830458338,-2.477984374,0.247304891,-0.058762751
Alex Len,1861,-2.790483664,0.605139068,-2.185344596,0.243621479,0.337994753
Ricky Rubio,3295,-1.451799417,-0.988501913,-2.44030133,0.242788263,0.366131126
Dante Exum,248,-4.502592823,5.819426072,1.316833249,0.241409515,0.302450733
Otto Porter Jr.,1295,-0.5156081,-1.458204168,-1.973812268,0.241180216,0.150384581
Isaac Bonga,918,-5.473840629,3.844372298,-1.629468331,0.239896976,0.150268338
Javonte Green,798,-1.830230587,0.298880516,-1.531350071,0.239737679,0.093047802
Dylan Windler,1089,-1.350069161,-0.491699892,-1.841769053,0.239726067,0.854382103
Max Strus,834,-0.09132084,-1.51761508,-1.60893592,0.235062457,-0.306798024
John Wall,2721,-0.696991225,-1.700526776,-2.397518001,0.232305088,0.294499991
DeAndre' Bembry,1512,-2.61445091,0.493256652,-2.121194259,0.230835166,0.214152226
Brodric Thomas,417,-3.8414929,3.36869629,-0.47279661,0.229108194,0.169930152
Coby White,3873,-1.555795198,-0.948765742,-2.50456094,0.22899132,0.480662357
Jarrell Brantley,228,2.400054771,-0.963871176,1.436183595,0.227951632,0.694439981
Obi Toppin,1192,-2.540238741,0.551280959,-1.988957782,0.225779556,-0.607114195
Gary Payton II,92,4.503403236,3.282418517,7.785821753,0.219104463,1.919463126
Spencer Dinwiddie,140,-1.954155211,5.732536076,3.778380865,0.215589018,1.14529186
Kelly Oubre Jr.,3675,-3.637553677,1.127082288,-2.510471389,0.207767498,0.784928592
Wenyen Gabriel,209,-4.028567988,5.127532748,1.09896476,0.192561637,1.101334383
Aaron Nesmith,1018,-3.342383573,1.348227699,-1.994155874,0.187414543,0.415710148
Tyrell Terry,120,-5.085377772,8.772803356,3.687425583,0.183083154,-0.461919284
CJ Elleby,358,-2.412118622,1.791218294,-0.620900328,0.180049924,1.077611
E'Twaun Moore,732,-2.912552431,1.156123381,-1.756429051,0.174817503,-0.909988774
Keita Bates-Diop,321,-2.20197493,1.647355871,-0.554619059,0.167820937,-0.78266922
Cam Reddish,1606,-2.525907021,0.209519084,-2.316387937,0.167002351,0.657336734
Cedi Osman,2665,-1.668595563,-0.831689852,-2.500285415,0.164418094,0.27614492
Miye Oni,872,-2.419173438,0.443505453,-1.975667985,0.161415338,-0.103630716
Donta Hall,130,1.56791045,0.685187222,2.253097672,0.156435223,0.471737381
Kelan Martin,293,1.466591799,-1.96891932,-0.502327521,0.156362864,0.260889868
Sterling Brown,2615,-1.207284749,-1.296700074,-2.503984824,0.15398964,-0.177090078
Axel Toupane,134,-2.627120565,4.504949301,1.877828736,0.14337434,-0.45817601
Gary Harris,1763,-1.263484405,-1.174744942,-2.438229347,0.143081093,-0.385582263
Austin Rivers,1152,-3.336344276,0.990860941,-2.345483335,0.129587192,-0.899506283
Paul Reed,278,-2.214867864,1.345368764,-0.8694991,0.127108944,0.369741076
Sam Merrill,434,0.590796621,-2.104607761,-1.51381114,0.126252531,0.597061585
Nathan Knight,497,-3.001498027,1.287797361,-1.713700667,0.125535247,-0.240681155
Mychal Mulder,1194,-0.788863695,-1.519717548,-2.308581243,0.121441255,0.043288901
Jake Layman,1307,-3.8570029,1.487838679,-2.369164221,0.117431908,0.398490374
Paul Watson,630,0.396382875,-2.376048249,-1.979665374,0.116353869,-0.323767518
Russell Westbrook,4396,-0.681111435,-1.95783466,-2.638946095,0.114666419,2.702210226
Jared Dudley,159,-1.277634582,1.473483293,0.195848712,0.113322737,-0.79795074
Devon Dotson,48,-4.03620831,11.5178384,7.481630088,0.113026163,-1.597396923
Mo Bamba,1100,-0.960005842,-1.392111659,-2.3521175,0.107062173,0.268762726
Freddie Gillespie,331,-1.293222718,-0.148385472,-1.441608189,0.106432,-0.354000385
Boban Marjanovic,473,-0.990708768,-0.947240142,-1.93794891,0.094281681,-0.632870388
Sindarius Thornwell,147,-3.157311968,2.905315796,-0.251996172,0.092963459,-0.079940631
Devin Cannady,159,-0.08616229,-0.217656775,-0.303819065,0.092355148,8.34E-05
Marques Bolden,60,-10.66082622,13.85193805,3.191111832,0.087432296,-0.540994836
Romeo Langford,426,-5.440416783,3.499837424,-1.940579359,0.083467657,0.058606321
Aaron Holiday,2176,-1.441949231,-1.150529449,-2.59247868,0.081392193,0.879716703
Charlie Brown Jr.,29,0.866169042,8.254967079,9.121136121,0.074279319,2.22101288
Mike James,101,3.959147505,-3.746147267,0.213000238,0.072731169,-1.830098221
Kyle Guy,383,1.689319594,-3.809489232,-2.120169638,0.056550972,-0.008513652
Jalen Lecque,27,1.239916418,5.000418259,6.240334677,0.052697672,-4.299195502
Kostas Antetokounmpo,125,-10.37364132,9.501075672,-0.872565645,0.051707736,1.870237811
Norvel Pelle,127,-1.476701368,0.493621195,-0.983080173,0.045829317,-0.008220132
Grant Riller,43,1.245675457,0.135425383,1.38110084,0.043939235,-0.734673801
Robert Franks,213,1.788613192,-3.795644401,-2.007031208,0.038278298,-0.018536643
Precious Achiuwa,1445,-4.222025395,1.579657126,-2.642368268,0.037652444,0.393884704
Henry Ellenson,83,-3.142247753,2.292875373,-0.84937238,0.03682012,-0.078024339
Thon Maker,155,0.293763804,-2.232803874,-1.93904007,0.031090758,-1.137358734
Markieff Morris,2306,-2.544739898,-0.170592505,-2.715332403,0.019522034,0.066334181
Anthony Tolliver,137,-5.159568735,3.006889249,-2.152679487,0.019012769,0.630742613
Chris Silva,201,-3.462414643,1.014883455,-2.447531188,0.018520918,1.684921857
Kevin Love,948,0.118271578,-2.803345004,-2.685073426,0.015048841,0.737840887
Iman Shumpert,23,-14.97211771,14.13162592,-0.840491789,0.010954599,2.24188447
Robert Woodard II,70,0.136591001,-2.202021948,-2.065430947,0.010280018,1.507261739
Justin Jackson,1167,-2.909343022,0.179038972,-2.73030405,0.005494742,0.519779493
Bruno Caboclo,81,-9.228586572,6.472480705,-2.756105867,-0.000114956,2.526847796
Kevin Knox II,933,-2.730808616,-0.02617233,-2.756980946,-0.00160936,-0.255242802
Onyeka Okongwu,978,-2.78506591,0.017821817,-2.767244094,-0.004079959,-0.273367763
Jalen Harris,31,1.211515691,-4.703228283,-3.491712592,-0.005355822,1.103286767
Amida Brimah,32,0.722296317,-4.352066303,-3.629769986,-0.00628512,0.017654444
Killian Tillie,271,-2.872339249,-0.027230178,-2.899569427,-0.009646369,-0.469051639
Rondae Hollis-Jefferson,167,0.355017028,-3.378224614,-3.023207586,-0.011249331,-0.36916511
Cameron Reynolds,14,-9.410359126,2.074524543,-7.335834583,-0.013651591,-2.779079783
Marquese Chriss,63,-10.00477863,6.264283223,-3.740495404,-0.013746656,0.75582689
Jahmi'us Ramsey,52,6.354599177,-10.63165849,-4.277059313,-0.018050215,0.736580792
Jabari Parker,220,-5.39261044,2.213393476,-3.179216963,-0.018453819,0.102425308
Anthony Gill,306,-3.186498767,0.113561353,-3.072937414,-0.023496435,-0.975752019
Frank Ntilikina,540,-3.07604673,0.148957526,-2.927089204,-0.023662362,-0.04082965
Ty-Shon Alexander,59,-4.037651404,-0.439169169,-4.476820573,-0.025382408,-0.660778284
Rajon Rondo,1274,-1.320709322,-1.551023255,-2.871732577,-0.029392568,-0.17812389
Alen Smailagic,101,-3.309164088,-0.73568531,-4.044849397,-0.029769747,0.140204226
Anfernee Simons,1841,1.258927548,-4.081223274,-2.822295726,-0.032605654,-1.131740152
Ashton Hagans,10,-18.9910841,0.109586378,-18.88149773,-0.034823464,5.831661533
Gabe Vincent,1222,-2.772410744,-0.09209242,-2.864503164,-0.034939245,-0.155865024
Amir Coffey,819,-2.756511978,-0.176025992,-2.93253797,-0.03662691,-0.183325068
JaKarr Sampson,522,-4.196104812,1.142208083,-3.053896729,-0.037441508,0.202332472
Troy Brown Jr.,1095,-1.186744542,-1.887638641,-3.074383183,-0.037502768,-0.473085133
Patrick McCaw,65,0.096626812,-5.110072349,-5.013445537,-0.037694257,-1.097630561
Jaden McDaniels,2832,-1.908223099,-0.900336624,-2.808559724,-0.039385495,-0.13401746
Cassius Stanley,114,-1.274091886,-3.028504088,-4.302595973,-0.041986936,0.00915757
Jaylen Hoard,397,-2.830436108,-0.410009941,-3.240446049,-0.045534017,0.541899553
Greg Whittington,27,-10.01393452,-0.387600925,-10.40153545,-0.046065453,-1.681060427
James Nunnally,53,1.603925439,-8.445433723,-6.841508285,-0.05263829,0.872365732
Daniel Oturu,207,-2.133513634,-1.759595218,-3.893108852,-0.059407487,-1.114830034
Quinn Cook,335,-0.307999802,-3.291046045,-3.599045847,-0.065363118,-0.616469502
Dakota Mathias,264,-2.03655013,-1.835456859,-3.872006989,-0.069929429,-0.690393377
Tristan Thompson,2320,-1.985092179,-0.890868682,-2.875960861,-0.071699778,-0.298946967
Jared Harper,24,-12.88311943,-3.239983116,-16.12310255,-0.072239941,5.931979173
Tim Frazier,72,-10.89226628,3.572295407,-7.31997087,-0.077630017,0.901428828
Jaylen Nowell,1542,-0.660648154,-2.303048523,-2.963696678,-0.077775438,-0.091510724
Malik Fitts,22,-4.691136942,-12.16567942,-16.85681636,-0.078113133,-1.347593441
Will Magnay,7,-29.28374732,-22.74438337,-52.0281307,-0.078849176,4.581569301
Jontay Porter,54,-11.60171814,3.111255017,-8.49046312,-0.079286811,4.159469252
Ignas Brazdeikis,31,-7.258260791,-6.446771186,-13.70503198,-0.079519596,-1.758931251
Brian Bowen II,32,-6.695803365,-6.637824257,-13.33362762,-0.080229977,-0.955097941
Tremont Waters,331,0.710123396,-4.611305059,-3.901181663,-0.091646042,2.680849909
Vernon Carey Jr.,203,-6.049932757,1.406776016,-4.643156741,-0.092008831,0.274323564
Eric Gordon,1691,0.718097585,-3.701624647,-2.983527062,-0.094632638,0.672953542
Rodions Kurucs,284,-4.973638092,0.642320406,-4.331317686,-0.10038915,2.265828926
T.J. Leaf,20,-11.30861225,-13.99801869,-25.30663094,-0.103287877,-0.280292499
Meyers Leonard,61,-3.711913551,-5.939064266,-9.650977816,-0.104502874,2.36960839
Ray Spalding,45,-11.02412783,-2.335403066,-13.3595309,-0.106767643,3.847611111
Adam Mokoka,117,-6.568466335,-0.621976652,-7.190442987,-0.122019593,1.636775706
Nate Darling,50,-6.425663785,-6.591327086,-13.01699087,-0.125438275,-0.22395383
Jaylen Adams,41,-15.80740398,-1.029133041,-16.83653702,-0.127032982,-1.819386419
Deividas Sirvydis,91,-8.925233936,-0.410449845,-9.335683781,-0.137961889,0.147425976
Isaiah Thomas,104,-8.921020761,0.628378274,-8.292642487,-0.138846505,2.311887843
Jeremiah Martin,8,-36.90283156,-35.48822372,-72.39105528,-0.144017337,1.344845212
T.J. Warren,250,-2.648392087,-2.505729547,-5.154121635,-0.144693947,0.832464787
Jaren Jackson Jr.,193,-1.746050646,-4.256519665,-6.002570311,-0.149785946,2.59391861
Moses Brown,1466,-2.353264362,-0.837208118,-3.19047248,-0.15059039,0.316899553
Svi Mykhailiuk,2452,-1.800716665,-1.318274836,-3.1189915,-0.16126946,0.37815578
Nico Mannion,655,-2.470333594,-1.328821795,-3.799155389,-0.165532616,0.408094582
Jordan Bell,138,-7.072066475,-0.568141369,-7.640207844,-0.166007291,-0.698301906
Elijah Hughes,110,-6.083614726,-3.128583317,-9.212198044,-0.167511728,1.62911218
Nate Hinton,127,-5.55524692,-3.028290018,-8.583536938,-0.171715476,1.230275648
Anthony Lamb,356,-4.181369811,-0.581037053,-4.762406863,-0.171896798,0.254796416
Andre Roberson,127,-7.826614469,-0.512578758,-8.339193227,-0.177878349,-0.995933164
Justin James,370,-1.386990962,-3.447054057,-4.834045019,-0.178320252,-0.175566323
Timothe Luwawu-Cabarrot,2162,-1.864110366,-1.236867155,-3.100977521,-0.181490816,0.452701141
Keljin Blevins,136,-8.723256643,-0.023445214,-8.746701857,-0.186056883,1.36665088
Noah Vonleh,24,-22.9746115,-14.29798444,-37.27259594,-0.192758702,-0.515172079
Grant Williams,2110,-3.142390885,-0.005382702,-3.147773588,-0.204356804,0.196937068
Jordan Poole,1611,-0.382878683,-2.897337771,-3.280216455,-0.205350917,0.014226158
D.J. Wilson,809,-4.244729516,0.500861492,-3.743868024,-0.206426452,0.274299576
Anzejs Pasecniks,13,-43.9747357,-25.05889819,-69.03363389,-0.223812126,10.39759437
Chimezie Metu,690,-1.722493285,-2.432121433,-4.154614718,-0.228116876,0.100584849
Carsen Edwards,449,-0.817898258,-4.087735758,-4.905634016,-0.233066244,-0.039953796
Reggie Perry,422,-2.543212498,-2.505929837,-5.049142335,-0.235432312,0.865053476
Edmond Sumner,1680,-1.139251909,-2.235491109,-3.374743019,-0.247666517,1.183721651
Nick Richards,130,-6.876920083,-3.950359904,-10.82727999,-0.250152736,-0.493801882
Solomon Hill,2788,-2.232810144,-0.886060841,-3.118870984,-0.251182723,-0.625762774
Marvin Bagley III,2013,-2.10434443,-1.16362037,-3.2679648,-0.251636787,0.12856926
Damyean Dotson,1449,-2.308358279,-1.173349621,-3.4817079,-0.259700923,-0.626120108
Jarrett Culver,1078,-5.307500704,1.502574531,-3.804926173,-0.269685301,0.417805262
Kenyon Martin Jr.,1507,-1.552603982,-1.94413375,-3.496737732,-0.269921159,-0.639607732
Shaquille Harrison,337,-5.436967346,-0.861159947,-6.298127293,-0.270827588,-0.351468627
Trent Forrest,276,-1.758852447,-5.125939958,-6.884792405,-0.271403919,-1.045244172
Tyler Bey,107,-8.35930899,-5.790711427,-14.15002042,-0.273040607,-0.120000884
Tyrese Maxey,1653,-0.281828855,-3.172017806,-3.453846661,-0.276498479,-1.041554671
Justin Robinson,190,-1.798442323,-7.224438714,-9.022881037,-0.27976843,-0.66969555
Lamar Stevens,1046,-3.775260549,-0.090091825,-3.865352374,-0.283342708,-0.218448145
Gary Trent Jr.,3535,-0.096444372,-2.982948428,-3.0793928,-0.283829524,-0.468652719
Juwan Morgan,262,-3.438144732,-3.953928907,-7.392073638,-0.284222707,0.005820455
Mfiondu Kabengele,291,-7.610945948,0.851519221,-6.759426727,-0.285622163,0.291819113
Sean McDermott,337,-5.693783797,-0.807348945,-6.501132741,-0.298625034,0.022945126
Bryn Forbes,2472,0.360256465,-3.635198825,-3.27494236,-0.30505707,-0.439869037
Udoka Azubuike,107,-11.11995409,-4.804994204,-15.9249483,-0.330534513,0.356489166
Jalen McDaniels,1282,-2.537339273,-1.267853131,-3.805192404,-0.33475554,-0.031302098
Saben Lee,1189,-2.28761839,-1.612429453,-3.900047843,-0.335679954,-0.509671219
Theo Pinson,76,-14.54704248,-8.793709859,-23.34075234,-0.340358348,1.256525318
Vincent Poirier,87,-11.75671521,-7.952815558,-19.70953077,-0.341314935,1.153676745
Kris Dunn,56,-18.81728871,-8.585857915,-27.40314663,-0.353299801,0.319460711
Jalen Smith,191,-7.449713286,-3.069540452,-10.51925374,-0.353965741,0.33785901
Terrance Ferguson,106,-10.64199858,-6.097630589,-16.73962916,-0.355603978,1.692740739
Justise Winslow,956,-7.106765574,2.730491283,-4.376274291,-0.366211274,0.775250267
Ed Davis,619,-3.148769795,-2.157902069,-5.306671863,-0.379100711,-0.816632115
Bol Bol,294,-5.758733127,-2.726628881,-8.485362008,-0.380283084,1.544434406
Karim Mane,182,-6.125746235,-5.176398742,-11.30214498,-0.380657445,-0.870874223
Matthew Dellavedova,467,-1.457962855,-4.83790476,-6.295867615,-0.399391231,-1.456296625
Cassius Winston,199,-2.456192246,-9.408884179,-11.86507643,-0.425902793,-1.538888116
Josh Green,652,-4.102459965,-1.343510135,-5.4459701,-0.42599561,-0.095718459
Trey Lyles,743,-3.758078726,-1.358632125,-5.116710851,-0.427700993,-1.069853533
Justin Patton,527,-4.143601822,-2.062908127,-6.206509949,-0.435699649,0.026028067
Vlatko Cancar,410,-5.830411544,-1.661322348,-7.491733893,-0.451464212,1.434104145
Jahlil Okafor,444,-3.45515512,-3.57575172,-7.030906841,-0.454590513,-0.896513133
Armoni Brooks,472,-4.465665535,-2.531091505,-6.99675704,-0.484308821,0.237226334
LaMarcus Aldridge,1403,-2.559711293,-1.636104904,-4.195816198,-0.486593388,-0.450807297
Nassir Little,1208,-0.765973375,-3.649376176,-4.415349551,-0.494848147,-0.960078594
Rui Hachimura,3410,-2.876575818,-0.498645777,-3.375221595,-0.49512138,-0.054409302
Luke Kennard,2331,0.641962819,-4.264262676,-3.622299857,-0.501684572,-0.422499399
James Johnson,1719,-3.061774928,-0.906200916,-3.967975844,-0.503765981,0.433586976
Chandler Hutchison,453,-4.688767379,-3.048723574,-7.737490952,-0.519499266,0.085302145
Kyle Kuzma,3506,-3.082760233,-0.280349102,-3.363109336,-0.525686817,-0.446054689
Ben McLemore,1606,-0.743968101,-3.450980395,-4.194948496,-0.534969821,1.239262356
Hassan Whiteside,1171,-4.831784047,0.13383115,-4.697952897,-0.543560411,0.171241459
Jordan Bone,414,-2.867221822,-5.44466833,-8.311890152,-0.547828716,-1.516209968
Brandon Goodwin,1237,-2.341452687,-2.224682267,-4.566134954,-0.548908995,-1.279101638
Zeke Nnaji,771,-2.556341517,-3.223671457,-5.780012974,-0.55524638,-0.232510978
Quinndary Weatherspoon,163,-10.96168891,-6.93076952,-17.89245843,-0.597091377,1.708451888
Mason Jones,737,-1.8175574,-4.457821998,-6.275379398,-0.605658263,1.032763863
Carmelo Anthony,3133,-0.500976804,-3.04555909,-3.546535894,-0.6070967,-1.144313499
Avery Bradley,1187,-3.437452157,-1.494588765,-4.932040923,-0.621654163,0.514428256
Frank Mason,161,-6.93954302,-11.4639032,-18.40344622,-0.623593055,-1.17276211
Glenn Robinson III,790,-2.890783287,-3.221089716,-6.111873003,-0.630548066,-0.378056416
Markelle Fultz,462,-2.111230999,-6.707994252,-8.819225251,-0.666308939,0.084499271
Anthony Edwards,4255,-1.415481413,-1.988725831,-3.404207245,-0.667229262,0.611012758
Harry Giles III,684,-3.98903102,-2.869348828,-6.858379848,-0.675727024,0.432040579
Terence Davis,1698,-1.795116624,-2.614499669,-4.409616294,-0.67845798,0.539748259
Nemanja Bjelica,1127,-2.047703323,-3.280613085,-5.328316408,-0.708418355,-0.048676471
Brad Wanamaker,1971,-3.271299591,-0.952985773,-4.224285364,-0.711873266,-0.167661364
Stanley Johnson,1595,-3.6388674,-1.000987466,-4.639854865,-0.722920836,0.237363909
Killian Hayes,817,-5.798205624,-0.610781112,-6.408986737,-0.731401609,0.986113457
Damian Jones,679,-4.545572879,-2.678088986,-7.223661865,-0.73264632,-0.252127668
Jerome Robinson,666,-5.645118111,-1.863404395,-7.508522506,-0.74692621,0.878788584
Maurice Harkless,1141,-3.110292434,-2.429860708,-5.540153142,-0.753366484,0.192075505
Matt Thomas,582,-3.613973417,-4.629442757,-8.243416174,-0.758564438,-0.104801156
Gary Clark,1347,-2.748756027,-2.413435704,-5.162191731,-0.782004926,-0.082214747
Wes Iwundu,1023,-5.682264517,-0.284127627,-5.966392143,-0.782183361,0.142745686
Kevin Porter Jr.,1489,-1.104245466,-3.824066061,-4.928311527,-0.782899545,0.785805333
Tyler Cook,526,-5.094383895,-3.711994835,-8.80637873,-0.783701006,-0.811260733
Markus Howard,237,-11.75575272,-6.609412662,-18.36516538,-0.798204138,2.255914298
Tre Jones,325,-5.90598762,-7.067392677,-12.9733803,-0.804403124,-1.151991992
KZ Okpala,791,-6.656487296,-0.257300854,-6.91378815,-0.816578155,-0.421733154
Eric Paschall,1448,-3.477871017,-1.732939746,-5.210810763,-0.847025241,-0.201742014
Darius Bazley,3075,-4.144324284,0.20685226,-3.937472025,-0.876078258,0.423022864
Josh Hall,384,-8.456928412,-4.409810439,-12.86673885,-0.902769597,0.52344241
DeAndre Jordan,2484,-3.236125187,-1.018877084,-4.255002271,-0.905165241,-0.270876694
Bruno Fernando,413,-9.487413672,-2.525849006,-12.01326268,-0.905235694,0.284806817
Cole Anthony,2079,-2.119729515,-2.442349938,-4.562079453,-0.916917069,-0.830268863
Patrick Williams,3577,-3.511601554,-0.300217265,-3.811818819,-0.919311811,-0.65224865
Isaiah Roby,2577,-3.084492676,-1.175242938,-4.259735615,-0.933580608,0.336009959
Aron Baynes,1920,-5.464695345,0.418488664,-5.04620668,-1.067339919,-0.103012725
Bismack Biyombo,2392,-5.703396509,0.993598911,-4.709797598,-1.148711534,-0.625146257
Rodney Hood,1842,-4.336651476,-1.119634024,-5.4562855,-1.216311142,-1.019286979
P.J. Tucker,2399,-4.786721321,-0.138178157,-4.924899478,-1.266545655,-0.498528691
Sekou Doumbouya,1343,-4.367508884,-2.585970296,-6.95347918,-1.376144717,-0.364439959
Danuel House Jr.,1874,-3.820543831,-2.030638414,-5.851182245,-1.394731428,-0.399006152
Chasson Randle,1255,-3.997163648,-3.633634341,-7.630797989,-1.484408197,-0.655318161
Isaac Okoro,3711,-3.093666307,-1.293145156,-4.386811463,-1.503907947,-0.785744526
Dwayne Bacon,3295,-2.674825707,-2.272445715,-4.947271422,-1.761021139,-0.646606585
R.J. Hampton,1327,-3.784789146,-4.746696545,-8.53148569,-1.841739368,0.3308218
Lonnie Walker IV,2536,-1.948056487,-4.269115797,-6.217172284,-2.155417864,-0.126390147
James Wiseman,1840,-7.050175063,-1.605901936,-8.656076999,-2.533376571,0.571860522
Aleksej Pokusevski,2011,-6.441455381,-2.55310006,-8.994555441,-2.963604597,1.008584796
Theo Maledon,3316,-4.754701504,-2.921564522,-7.676266027,-3.899794619,0.695063984
